{"(5, 9)": 0.6696428571428572, "(8, 10)": 0.736111111111111, "(7, 15)": 0.75, "(4, 11)": 0.45238095238095233, "(9, 13)": 0.65, "(5, 10)": 0.75, "(3, 18)": 0.75, "(10, 18)": 0.7916666666666666, "(8, 15)": 0.9285714285714286, "(3, 12)": 1.0, "(13, 18)": 0.5833333333333334, "(15, 18)": 1.0, "(1, 7)": 0.7, "(2, 11)": 0.75, "(0, 9)": 0.7291666666666666, "(7, 9)": 0.9444444444444443, "(9, 16)": 0.55, "(1, 18)": 1.0, "(9, 18)": 0.625, "(5, 7)": 0.7916666666666666, "(16, 19)": 0.3333333333333333, "(1, 5)": 1.0, "(10, 17)": 0.9583333333333334, "(1, 8)": 0.5, "(4, 15)": 0.8, "(7, 16)": 0.5, "(1, 15)": 0.8333333333333333, "(6, 17)": 0.5416666666666666, "(6, 10)": 0.6666666666666666, "(2, 7)": 0.825, "(2, 18)": 0.8333333333333333, "(7, 13)": 1.0, "(0, 7)": 1.0, "(14, 15)": 0.7083333333333333, "(2, 5)": 0.9166666666666666, "(3, 7)": 0.875, "(12, 13)": 0.8333333333333333, "(0, 11)": 0.7916666666666666, "(2, 9)": 0.90625, "(3, 8)": 1.0, "(6, 19)": 1.0, "(3, 9)": 0.9166666666666666, "(2, 14)": 0.5, "(5, 14)": 0.5416666666666666, "(3, 5)": 0.5833333333333333, "(13, 15)": 1.0, "(14, 18)": 1.0, "(2, 8)": 0.75, "(5, 13)": 0.9166666666666666, "(5, 12)": 0.35416666666666663, "(4, 6)": 1.0, "(7, 12)": 0.8333333333333333, "(4, 14)": 0.75, "(4, 19)": 0.75, "(11, 17)": 1.0, "(11, 14)": 0.4583333333333333, "(9, 17)": 1.0, "(16, 18)": 0.41666666666666663, "(3, 13)": 1.0, "(10, 15)": 0.16666666666666666, "(3, 6)": 1.0, "(5, 11)": 1.0, "(1, 4)": 0.8125, "(7, 17)": 0.5833333333333333, "(9, 10)": 1.0, "(3, 14)": 1.0, "(7, 18)": 1.0, "(6, 14)": 0.8333333333333333, "(0, 2)": 0.9166666666666666, "(0, 6)": 1.0, "(0, 18)": 0.375, "(12, 18)": 1.0, "(6, 15)": 1.0, "(17, 18)": 0.875, "(0, 12)": 1.0, "(7, 10)": 1.0, "(14, 16)": 0.5, "(1, 14)": 0.3333333333333333, "(11, 19)": 0.8333333333333333, "(0, 16)": 0.25, "(10, 11)": 0.6666666666666666, "(1, 6)": 0.0, "(3, 10)": 1.0, "(10, 19)": 1.0, "(1, 12)": 1.0, "(6, 11)": 0.8333333333333333, "(1, 16)": 0.5, "(6, 9)": 0.75, "(6, 7)": 0.5, "(1, 9)": 1.0, "(1, 3)": 0.5, "(4, 16)": 1.0, "(12, 19)": 1.0, "(4, 9)": 0.5, "(11, 13)": 1.0, "(8, 18)": 1.0, "(14, 17)": 1.0, "(0, 14)": 0.8333333333333333, "(2, 13)": 0.75, "(4, 13)": 1.0}