{"(6, 14)": 0.5446428571428572, "(4, 9)": 0.35, "(7, 17)": 0.34722222222222215, "(4, 17)": 0.37797619047619047, "(6, 19)": 0.575, "(3, 12)": 0.4, "(8, 18)": 0.625, "(0, 6)": 0.39166666666666666, "(3, 14)": 0.2857142857142857, "(3, 4)": 0.3, "(5, 15)": 0.6666666666666666, "(1, 8)": 0.75, "(0, 13)": 0.8, "(10, 14)": 0.625, "(7, 10)": 1.0, "(3, 8)": 0.475, "(4, 14)": 0.7083333333333333, "(16, 19)": 0.5, "(7, 9)": 0.35, "(13, 19)": 0.16666666666666666, "(3, 11)": 0.3333333333333333, "(17, 18)": 0.8333333333333333, "(8, 15)": 0.375, "(7, 12)": 0.41666666666666663, "(14, 19)": 0.8, "(2, 13)": 0.3333333333333333, "(6, 12)": 0.5, "(2, 9)": 0.375, "(3, 13)": 0.6041666666666666, "(1, 11)": 0.6666666666666666, "(15, 16)": 0.5, "(9, 18)": 0.5, "(14, 15)": 0.375, "(10, 17)": 0.8333333333333333, "(1, 19)": 0.3333333333333333, "(4, 7)": 0.5, "(1, 4)": 0.6875, "(9, 17)": 0.75, "(9, 10)": 0.41666666666666663, "(12, 14)": 0.5833333333333333, "(7, 19)": 0.6666666666666666, "(10, 11)": 0.5833333333333334, "(12, 17)": 1.0, "(11, 18)": 1.0, "(7, 18)": 1.0, "(4, 19)": 1.0, "(7, 16)": 0.25, "(1, 14)": 0.41666666666666663, "(5, 8)": 0.16666666666666666, "(11, 17)": 0.3333333333333333, "(1, 16)": 0.75, "(8, 10)": 0.16666666666666666, "(1, 3)": 0.125, "(4, 5)": 0.8333333333333333, "(1, 6)": 0.75, "(14, 16)": 0.16666666666666666, "(7, 14)": 0.75, "(0, 7)": 0.0, "(9, 15)": 0.41666666666666663, "(8, 16)": 0.5833333333333333, "(10, 19)": 1.0, "(7, 13)": 0.16666666666666666, "(6, 15)": 1.0, "(5, 18)": 0.3333333333333333, "(0, 8)": 0.5833333333333333}